{
    "Accuracy": 0.6948051948051948,
    "AUC-ROC": 0.8118518518518519,
    "Log Loss": 0.5150423729417748,
    "Brier Score": 0.1756515675862772
}